61,79,107,206,118,147,239,248,213,64,254,230,115,233,181,96,126,232,22,238,201,163,44,191,114,237,162,136,127,186,112,240
162,200,50,152,85,213,184,70,31,7,80,19,44,222,38,196,217,185,179,129,22,190,18,255,23,54,154,75,20,12,61,142
2,189,26,137,245,197,186,103,14,9,88,35,172,158,52,64,254,59,147,145,82,152,0,253,45,20,138,235,20,14,181,219
0,201,158,253,145,143,36,167,94,153,98,0,246,115,33,73,209,106,34,88,98,220,81,125,173,183,87,64,208,24,169,10
129,233,158,253,21,135,48,70,222,136,66,2,188,211,96,97,240,105,34,216,66,216,147,249,205,146,159,0,16,24,33,10
130,120,39,253,5,197,185,102,172,0,82,2,188,157,48,65,236,57,179,195,64,188,146,233,69,48,218,139,4,8,55,186
195,88,126,156,111,208,185,64,168,94,116,167,44,158,55,107,238,177,179,195,196,23,54,192,84,57,202,139,21,53,47,223
2,88,43,140,103,196,184,96,168,72,210,175,188,156,49,3,238,49,219,231,65,179,48,200,149,48,202,138,69,60,53,251
35,218,98,74,87,147,218,232,75,68,125,143,40,204,183,164,124,169,147,231,198,50,60,253,22,28,137,171,95,143,126,220
115,89,27,132,102,7,190,112,136,232,178,234,60,158,33,34,238,245,95,239,73,163,16,200,241,56,170,186,93,59,33,153
90,95,98,101,39,82,126,48,97,204,94,231,41,13,183,100,54,180,149,239,196,152,53,204,103,249,162,129,39,182,116,95
69,104,11,40,74,137,107,88,238,128,128,200,157,195,177,80,98,41,74,110,65,3,134,88,84,168,35,60,52,179,35,160
56,95,106,101,102,18,254,112,64,200,94,98,25,25,181,224,126,244,151,234,200,178,37,140,118,233,162,129,39,190,120,43
22,140,198,159,92,131,238,232,191,178,251,2,232,234,45,67,123,237,127,162,40,243,203,253,188,174,207,132,181,106,113,128
94,189,191,247,139,240,53,135,187,211,111,48,252,255,109,123,167,127,237,144,51,217,171,226,255,247,95,3,194,113,175,59
64,164,231,221,108,107,169,106,222,243,219,26,252,232,180,107,123,236,127,169,161,247,239,221,156,46,255,188,157,105,113,176
94,143,191,255,171,112,61,231,191,159,223,179,236,231,108,91,231,127,239,146,50,201,171,227,255,247,223,139,130,117,165,115
30,206,174,191,175,162,63,239,159,31,223,183,236,239,42,75,247,103,191,135,48,217,171,243,254,119,255,131,182,125,181,67
156,189,255,255,189,255,249,251,127,255,215,119,251,255,182,105,255,255,255,145,191,248,127,255,223,255,255,193,175,236,245,123
200,253,191,115,187,217,55,238,255,243,39,56,252,255,78,59,163,127,250,82,115,105,187,247,255,223,87,111,202,82,135,123
47,31,231,95,255,179,174,239,95,250,122,246,104,104,181,173,255,103,182,191,245,251,111,254,62,95,255,130,223,253,249,157
90,113,102,236,254,51,254,92,175,225,223,171,205,223,188,108,126,221,255,247,144,135,167,234,246,253,139,138,39,159,241,209
94,113,102,238,238,51,254,92,175,224,215,171,205,223,191,108,254,213,255,239,136,163,175,194,246,125,171,158,39,223,241,85
94,239,239,190,187,144,63,239,187,159,222,183,204,239,234,74,247,119,255,212,50,75,170,227,250,119,255,255,166,118,183,243
186,119,114,233,239,63,254,254,61,106,254,255,159,159,182,96,254,223,255,231,236,191,233,226,246,253,174,146,103,223,231,219
15,159,238,151,255,51,190,238,223,251,218,230,232,232,247,238,255,103,254,215,181,249,111,234,62,127,255,135,207,125,249,157
143,177,254,251,254,253,185,89,255,93,215,183,221,222,250,107,239,187,255,159,183,235,255,241,223,121,251,201,150,205,173,215
59,255,107,207,126,223,255,125,127,236,254,230,251,223,182,116,254,255,191,238,207,250,255,253,246,249,167,162,63,142,252,253
237,125,61,254,239,253,87,236,223,218,253,8,254,255,47,247,218,123,255,98,99,103,250,253,247,251,71,59,26,127,199,243
126,255,121,254,251,241,31,239,187,190,189,171,108,239,78,208,255,251,239,227,122,75,234,255,255,213,175,191,23,87,167,251
223,191,238,180,191,187,190,235,191,238,158,191,236,234,214,66,231,239,255,151,254,95,143,255,254,85,175,251,46,124,153,87
175,124,124,213,109,221,253,254,239,254,180,190,252,223,215,63,175,241,255,79,229,103,250,251,118,91,127,191,87,252,223,253
203,158,253,251,236,252,253,159,255,91,118,246,253,255,222,107,239,187,191,157,179,124,227,243,222,255,254,200,158,216,165,249
239,60,250,220,108,125,249,218,207,254,188,191,222,252,247,46,207,243,255,21,165,103,242,210,214,95,239,191,223,252,85,247
79,191,242,249,189,156,251,179,239,93,158,103,252,255,222,230,231,119,255,157,151,105,227,245,239,255,191,218,142,204,217,125
203,190,247,221,125,144,185,179,255,91,246,246,252,255,148,230,111,35,127,157,163,252,231,223,12,126,190,130,159,196,113,253
15,190,255,249,100,189,249,243,127,127,118,244,189,255,246,41,175,59,183,157,179,252,51,215,206,223,127,192,158,136,33,249
58,178,122,188,127,155,89,113,63,172,244,175,175,235,134,16,255,169,223,37,140,155,64,221,222,223,187,179,175,172,15,223
91,186,90,188,127,153,120,113,191,200,212,239,175,238,150,212,191,173,223,5,167,123,132,221,158,127,59,187,142,172,27,159
11,186,255,249,124,157,185,83,255,217,116,117,188,255,246,42,175,59,183,149,179,124,178,211,207,223,127,234,158,132,43,249
203,144,126,252,105,223,89,123,185,94,180,125,190,223,166,183,167,177,223,37,237,79,50,221,219,251,123,187,94,164,79,127
203,176,250,248,61,221,89,123,191,77,148,125,190,255,182,244,214,185,223,29,191,11,178,223,219,221,171,254,158,132,15,127
11,18,110,233,63,212,249,16,141,76,85,231,189,223,182,228,198,57,191,205,135,128,54,213,70,249,170,203,62,142,61,245
11,83,121,77,126,95,249,24,73,236,85,230,217,93,151,164,54,53,215,237,133,144,37,221,70,249,43,164,126,167,95,241
139,18,123,232,35,212,249,80,173,76,87,231,189,159,182,228,230,57,159,173,133,133,54,213,194,249,170,137,54,134,45,245
39,41,227,143,212,151,238,114,68,192,88,198,49,232,183,164,120,106,19,207,197,154,52,236,36,12,174,136,15,191,120,220
49,97,107,68,84,86,239,116,97,196,255,2,81,220,191,36,120,252,22,234,201,178,52,12,115,45,164,4,103,186,118,236
60,97,122,100,85,87,214,216,65,164,254,11,91,153,117,144,120,252,135,250,72,179,144,140,115,201,165,29,103,187,126,130
114,65,194,166,71,10,70,100,33,132,251,11,107,40,45,86,248,197,36,227,76,179,193,232,177,164,142,3,97,59,126,14
54,13,18,190,93,245,86,232,151,132,233,11,110,250,35,148,216,251,135,99,12,35,90,189,177,244,139,59,18,127,62,134
162,200,50,153,85,213,176,70,30,3,80,19,172,218,38,64,217,57,163,1,38,158,18,247,5,54,154,75,17,12,61,142
2,161,18,137,247,195,186,101,14,1,88,131,172,158,36,0,250,59,19,209,22,184,0,221,44,20,138,194,21,10,177,138
0,216,158,61,49,207,48,167,126,141,98,0,238,210,34,81,208,107,42,80,98,220,83,61,205,183,86,3,16,8,9,10
0,104,30,253,5,199,48,70,30,136,66,2,188,211,32,97,192,57,34,64,66,220,83,253,197,243,154,3,16,8,41,10
2,104,30,253,5,197,184,66,188,0,82,2,172,159,32,73,232,57,179,193,66,188,18,225,133,177,218,11,20,8,53,170
2,88,47,189,71,196,184,64,172,80,82,131,188,159,49,107,238,57,147,195,64,181,146,192,197,49,218,139,5,29,37,250
135,48,234,153,103,244,184,66,26,87,85,151,140,142,247,40,255,57,147,149,134,214,182,194,7,95,218,235,149,13,61,215
163,187,96,74,247,215,186,229,95,77,84,167,40,140,246,164,254,11,147,245,246,58,36,255,47,24,142,235,87,14,253,223
3,72,27,164,102,132,187,80,136,128,210,194,156,151,33,98,238,177,91,238,65,151,144,200,213,129,170,136,12,57,33,185
5,72,27,236,106,7,43,80,236,160,210,2,157,131,241,66,110,45,74,238,1,135,128,72,84,137,34,56,48,187,33,160
146,91,107,228,38,78,255,112,105,200,82,231,15,29,53,83,166,245,149,227,201,181,20,200,179,120,202,131,47,181,119,91
216,32,167,253,156,107,169,91,126,243,211,90,219,238,248,107,123,238,126,153,185,247,239,219,156,235,255,60,149,105,113,176
86,97,198,158,124,171,238,104,191,168,219,34,206,234,189,66,122,237,127,227,8,243,203,253,188,190,239,144,37,59,113,129
222,239,255,254,187,210,63,239,191,159,255,177,236,239,76,123,247,255,237,210,54,73,171,227,255,243,223,195,162,113,175,123
222,239,238,255,187,178,63,239,191,159,223,179,237,239,110,219,231,255,239,199,50,201,171,227,255,247,255,143,134,117,181,243
157,189,255,255,189,255,123,251,127,255,215,119,251,255,158,233,255,255,255,145,191,252,123,255,223,255,255,192,191,237,245,243
142,188,253,251,255,255,251,218,127,127,254,54,251,253,223,105,255,223,255,211,163,240,123,245,223,219,255,230,255,253,85,243
94,105,98,234,238,27,254,220,45,72,223,139,79,239,189,116,254,221,127,255,216,163,173,232,182,253,175,156,167,255,241,197
126,25,255,252,111,217,17,232,207,200,244,42,254,255,47,247,250,241,255,96,67,99,226,221,211,251,71,187,82,44,103,251
126,187,109,252,123,219,57,248,191,172,180,171,108,239,134,149,254,185,239,224,74,75,234,221,223,215,171,187,183,164,39,251
75,186,110,181,127,155,184,113,191,236,214,175,236,234,214,64,255,173,255,133,166,219,199,221,222,119,171,187,142,172,57,223
75,182,252,213,109,217,248,123,255,254,180,174,188,255,215,175,175,177,255,13,229,103,226,219,86,95,123,187,71,236,79,223
11,178,231,221,61,156,168,115,255,73,210,230,172,222,212,228,239,45,255,141,135,252,231,221,14,126,187,130,207,140,115,253
107,48,250,252,108,125,249,91,223,255,180,175,190,188,247,46,239,181,255,21,165,107,246,200,223,95,123,191,223,236,13,255
91,50,234,188,127,153,248,113,175,201,214,239,175,142,182,240,254,169,223,133,135,219,134,221,222,127,186,251,14,140,59,223
9,146,255,249,124,143,249,19,255,89,118,246,188,159,242,104,231,57,127,29,131,252,51,213,78,191,122,192,158,136,1,249
9,178,255,249,124,223,249,83,255,89,118,244,189,159,242,104,175,57,127,29,147,252,50,209,206,223,122,192,156,128,33,249
11,178,255,249,108,221,249,91,255,89,116,244,188,159,246,106,231,25,183,157,131,126,242,209,207,219,250,234,158,132,37,249
75,178,126,252,125,157,249,123,191,221,180,109,188,159,182,249,166,177,255,1,167,79,162,221,223,219,122,251,22,132,47,95
202,82,107,232,39,244,121,17,173,76,95,247,157,159,183,228,230,185,159,173,133,132,36,192,199,249,170,139,54,135,37,245
155,82,122,232,47,245,217,80,141,76,85,183,157,159,182,236,230,25,159,133,135,133,50,208,194,249,170,139,62,143,61,247
238,166,96,152,251,241,152,202,159,125,157,191,8,204,254,157,207,139,179,149,182,79,78,215,30,86,153,239,151,205,62,214
43,213,96,139,85,149,174,127,75,105,92,78,184,184,254,164,89,10,18,13,215,58,212,215,44,28,158,234,95,142,216,156
124,65,82,236,93,194,86,104,129,4,249,43,75,217,44,208,216,252,133,98,76,163,8,140,243,237,1,27,115,63,124,2
34,44,18,137,85,165,178,66,14,5,88,3,172,218,36,4,249,59,131,145,18,186,16,215,5,20,154,107,213,79,117,134
0,104,30,253,1,199,49,6,126,4,102,0,182,147,33,73,192,57,42,192,2,220,19,233,197,241,82,3,0,8,45,10
2,72,26,249,5,197,56,66,188,0,66,2,188,211,33,73,224,57,179,192,66,156,18,225,197,241,218,11,16,24,45,138
130,72,171,185,5,196,184,66,188,16,80,19,172,159,49,73,234,57,147,193,2,148,18,225,133,113,218,139,20,21,53,170
6,40,234,153,199,245,184,67,26,71,80,147,136,156,119,168,255,41,147,149,150,150,180,194,15,28,154,239,149,77,61,215
162,191,96,202,247,209,190,229,95,77,112,163,40,220,254,33,254,27,147,245,246,58,44,255,46,24,142,235,87,142,221,223
134,58,170,176,107,228,185,66,138,214,84,183,140,142,119,11,175,57,179,149,134,86,182,192,93,81,218,175,133,101,39,215
204,36,167,253,204,107,233,91,127,243,211,26,219,253,216,233,123,254,126,152,187,247,235,211,157,251,255,108,166,233,241,176
222,239,255,247,235,210,63,239,191,159,246,177,236,239,76,91,247,255,239,210,114,219,171,243,255,243,223,207,163,113,167,235
222,239,238,254,251,146,63,239,191,159,222,183,109,239,111,91,247,255,239,215,114,203,171,235,255,119,255,207,166,244,181,123
159,188,253,253,189,255,121,251,63,123,246,118,251,255,158,233,255,223,255,145,191,252,123,223,223,251,247,198,191,236,253,243
90,171,111,252,107,209,57,121,175,188,214,171,109,239,231,83,238,181,255,128,74,75,171,221,223,243,235,191,39,164,39,251
10,176,253,249,111,221,249,123,255,255,214,55,157,191,246,235,239,185,255,145,179,121,247,208,223,219,251,253,159,140,13,251
122,48,255,236,111,89,17,105,143,204,244,42,62,223,166,118,254,181,255,224,9,35,226,221,215,241,99,187,119,44,39,243
26,50,110,172,59,155,185,121,175,172,182,175,173,143,166,80,238,181,255,133,136,3,162,221,218,241,251,187,55,132,39,219
10,50,254,253,108,217,249,91,239,253,182,239,189,191,214,43,174,177,255,1,133,105,226,209,214,219,122,187,207,140,95,223
11,50,243,221,127,153,184,82,239,73,210,230,172,158,148,236,238,45,254,157,135,252,231,213,22,121,186,202,31,140,121,253
9,50,255,249,124,205,249,83,127,93,118,246,189,159,178,104,230,57,55,157,147,252,115,213,207,219,250,192,28,128,97,249
9,178,255,249,108,221,249,83,255,93,116,118,189,159,246,105,230,57,63,157,147,252,50,209,207,251,250,226,28,128,37,251
75,50,254,252,124,221,249,83,239,253,180,191,188,156,246,43,238,181,255,21,135,107,226,192,214,217,122,187,198,140,13,223
11,18,119,217,108,205,249,82,255,93,119,246,188,159,246,108,230,57,55,29,147,252,50,213,70,56,58,194,30,140,97,249
190,121,244,88,203,85,28,204,139,252,180,171,8,222,111,191,236,209,255,211,206,67,186,240,19,89,205,191,55,116,174,255
174,98,228,16,109,81,152,72,155,247,180,187,8,140,247,143,201,128,227,149,166,103,238,210,30,83,213,191,215,253,94,212
254,122,224,144,207,81,220,205,147,246,148,191,8,140,87,143,207,217,255,211,206,71,254,240,18,81,221,191,55,60,222,86
130,72,146,185,69,229,176,70,30,7,80,19,172,152,102,200,217,57,131,17,38,188,82,243,5,20,218,43,145,12,61,142
136,88,154,185,5,197,48,70,60,3,66,18,172,147,33,73,232,57,170,144,2,156,19,225,197,241,218,3,16,17,45,138
34,44,162,137,213,247,186,67,94,67,88,3,140,156,119,136,249,59,147,145,150,186,16,210,13,28,154,227,149,78,61,134
134,56,154,241,6,229,57,66,62,147,86,18,157,151,97,105,167,57,51,144,2,212,18,192,199,193,250,192,128,65,33,163
138,56,162,177,227,229,185,67,30,215,80,179,140,158,114,8,191,59,147,149,182,220,146,210,205,87,154,239,133,76,37,211
94,170,239,254,43,210,57,233,191,156,214,163,109,239,99,83,247,247,239,144,66,203,171,221,219,243,255,207,167,164,39,123
90,50,126,237,43,155,185,88,175,173,246,175,141,143,134,80,238,189,239,133,128,139,227,213,215,241,186,187,55,132,39,251
91,50,110,173,111,155,249,81,175,237,214,167,173,139,150,76,238,173,255,133,134,155,199,213,214,121,186,235,47,140,59,223
75,59,254,254,108,249,249,87,239,93,117,255,189,159,246,43,238,145,255,69,135,107,162,241,214,249,122,171,70,141,175,221
11,114,115,219,109,221,169,84,239,89,119,230,140,159,244,236,238,57,255,92,131,184,166,241,6,120,186,202,30,141,225,245
250,125,120,108,111,85,223,250,137,254,188,47,42,253,119,182,174,241,221,103,237,35,178,218,123,89,5,191,87,126,110,95
250,189,122,108,171,85,223,255,137,254,188,47,42,190,118,182,175,209,221,227,237,11,186,218,59,89,205,191,87,118,46,95
122,189,100,196,223,85,93,111,137,252,156,175,42,188,86,150,236,247,221,161,220,11,242,207,251,89,205,187,39,46,62,95
130,64,144,185,69,197,176,71,30,23,80,19,172,152,99,205,201,59,131,1,38,126,82,211,5,80,218,43,16,12,61,138
10,188,162,177,147,229,184,199,31,119,88,179,140,143,114,8,239,27,147,149,150,156,16,242,205,84,158,227,149,76,181,219
75,123,254,251,236,253,249,85,239,93,119,173,189,159,214,111,238,155,255,221,151,120,230,241,214,249,122,235,94,149,173,241
122,60,254,100,127,85,159,119,137,238,188,47,42,189,118,182,174,245,221,165,237,43,176,206,115,95,25,187,71,108,126,95
143,187,126,249,236,157,249,211,239,92,188,173,189,207,246,227,239,59,255,157,210,43,242,209,207,217,46,233,22,204,45,249
24,135,24,229,180,158,77,55,53,9,206,80,183,35,128,240,85,190,12,136,121,152,65,47,239,231,182,80,34,192,168,40
45,233,107,65,84,203,199,248,70,224,124,10,83,213,123,32,88,104,18,122,74,178,120,61,123,141,165,117,113,154,86,234
0,13,2,189,85,131,166,99,22,0,88,2,164,226,33,192,248,42,2,128,78,186,0,255,164,182,154,3,16,10,57,136
16,73,11,188,20,195,227,114,214,128,218,2,177,211,33,64,120,170,6,200,74,187,16,255,241,165,170,0,49,11,48,138
32,9,18,188,85,131,178,66,30,0,120,2,36,210,33,64,216,41,2,192,2,186,0,255,52,180,138,11,17,11,41,138
165,92,107,79,84,231,227,88,84,194,117,70,113,208,181,32,120,168,18,234,225,182,60,31,52,40,161,8,125,187,114,180
24,201,10,168,20,135,122,244,134,0,216,3,55,223,32,64,248,233,23,213,74,187,18,189,251,229,174,137,52,26,56,218
222,74,174,180,2,98,31,128,176,198,130,163,77,174,51,91,102,245,237,231,44,197,167,104,208,227,239,129,164,117,45,82
3,75,103,213,230,130,173,230,173,128,82,194,56,174,181,105,110,253,51,205,129,249,4,236,52,58,202,128,141,48,113,173
2,12,146,155,85,229,178,70,30,5,74,3,172,215,33,64,249,59,131,16,18,152,18,255,141,22,154,75,144,79,37,138
110,73,134,156,79,178,190,226,141,128,250,67,44,168,53,207,232,231,162,195,4,187,2,236,54,118,202,11,71,125,121,142
122,73,142,188,77,176,246,230,141,132,238,3,44,234,39,66,232,229,163,195,12,43,130,232,243,119,207,11,3,125,61,142
2,172,166,155,223,241,176,71,159,23,84,179,172,204,54,140,233,59,131,145,54,254,2,247,15,22,154,107,215,76,189,206
73,176,189,245,52,30,121,27,103,249,86,68,191,151,210,108,70,12,62,156,135,248,243,149,207,251,115,228,42,132,9,245
145,75,107,206,86,2,111,120,228,64,210,230,113,198,176,97,126,236,22,238,233,147,44,237,112,168,170,128,61,178,112,121
40,185,251,232,116,205,115,87,111,77,124,40,63,159,228,112,238,187,23,24,147,187,176,216,127,253,34,104,195,136,103,251
41,185,107,105,116,159,235,119,69,104,124,198,19,157,180,32,124,184,22,124,203,186,116,157,126,205,163,224,127,138,114,184
34,168,144,155,77,253,176,75,30,7,121,3,172,216,100,140,217,59,130,17,6,62,90,243,5,20,155,43,208,78,29,142
2,152,158,155,25,244,184,71,159,95,64,17,172,158,38,200,197,59,187,129,22,73,19,245,143,115,218,75,152,12,173,223
74,185,186,188,105,228,57,87,175,13,254,1,188,191,98,80,230,59,255,144,22,139,146,225,223,245,26,203,128,0,165,91
145,89,31,253,62,198,63,244,140,88,214,70,253,87,33,99,230,113,31,234,225,205,51,237,225,235,234,2,24,48,33,123
213,88,159,246,34,102,61,16,188,218,135,20,223,247,35,107,167,117,124,162,101,197,187,74,209,235,123,150,40,113,33,51
104,252,153,254,201,221,20,230,139,31,172,40,174,255,97,186,129,123,235,64,70,75,242,51,243,215,84,59,210,80,143,251
49,195,107,236,52,3,79,252,68,64,254,198,115,73,176,96,126,232,23,238,201,179,45,157,242,237,163,148,125,186,120,184
24,253,19,249,147,199,21,247,180,1,200,16,189,151,32,113,227,59,27,128,115,157,16,63,225,196,30,66,56,16,165,58
66,154,190,189,41,173,56,55,190,91,66,85,172,190,38,88,197,51,255,1,182,205,83,245,205,247,122,203,144,64,173,27
212,74,126,229,36,10,111,176,52,166,118,130,209,7,147,81,118,244,61,234,232,148,37,110,231,235,227,128,37,177,100,105
195,150,156,185,184,174,184,55,190,123,82,117,252,174,132,75,135,23,127,21,183,220,67,215,140,183,126,194,152,192,137,25
189,177,107,227,212,135,239,248,68,228,253,6,81,221,58,32,124,232,19,254,219,179,56,188,251,201,135,100,125,171,240,240
116,78,206,229,4,74,111,208,32,166,254,139,83,103,3,83,122,244,109,234,72,183,201,8,241,227,225,5,97,243,102,98
209,79,63,127,4,142,103,180,244,158,246,92,243,41,17,115,164,228,108,110,233,237,51,47,225,235,116,16,72,177,82,41
77,180,188,241,172,63,85,159,122,255,14,28,215,57,90,58,145,70,125,29,185,124,249,2,207,223,117,116,136,120,219,2
153,194,111,239,4,70,111,252,100,64,247,198,115,71,185,97,126,192,62,238,233,181,61,253,247,235,227,132,53,186,116,121
253,52,188,245,140,47,85,27,82,246,167,29,211,121,91,27,209,196,125,62,168,244,249,2,207,207,117,52,232,249,208,82
209,82,111,239,38,66,111,188,100,74,246,230,113,71,185,97,118,228,62,238,233,148,45,237,246,235,226,128,61,179,97,121
117,164,172,161,140,47,84,155,66,243,173,29,215,57,91,91,217,198,125,61,60,102,219,18,207,223,213,116,152,105,218,18
125,34,65,101,20,15,99,24,109,232,255,76,219,1,153,48,88,140,76,110,137,178,253,12,215,253,35,20,107,171,66,32
45,225,179,67,229,95,230,144,107,241,43,76,210,120,92,190,185,76,82,126,193,240,185,32,47,220,5,100,202,123,211,164
93,89,215,237,129,78,103,177,237,2,103,68,94,115,33,246,114,244,40,106,33,177,57,104,179,254,69,2,170,115,225,34
237,252,149,186,141,212,78,140,186,219,160,29,254,250,93,219,201,67,253,87,111,79,219,179,171,219,223,124,152,87,139,82
65,9,142,215,4,10,237,32,236,146,203,2,241,98,145,98,96,230,42,202,64,217,141,108,212,34,238,0,32,114,97,40
24,89,23,253,162,226,55,230,132,128,234,34,255,55,33,105,106,243,58,224,9,153,51,236,241,230,94,2,186,113,37,58
26,61,242,144,211,241,184,198,169,224,30,43,44,190,103,172,163,123,211,209,5,203,146,232,27,28,31,235,143,85,47,223
101,176,17,146,253,221,208,141,207,121,161,88,142,216,78,189,137,10,122,25,151,110,250,213,15,24,21,126,218,12,219,135
236,34,220,225,160,43,121,25,34,183,55,153,215,39,74,27,23,148,109,56,56,244,201,0,206,195,101,117,224,234,198,35
127,52,146,154,249,191,18,74,123,169,173,24,142,242,111,188,217,217,206,16,30,103,218,146,155,223,19,127,218,79,75,135
248,175,26,248,189,141,84,255,255,29,188,25,175,251,96,16,137,186,236,16,126,107,210,183,251,223,21,121,210,72,206,10
73,240,25,69,34,31,106,188,109,232,54,76,221,83,152,180,182,29,92,110,193,148,57,93,167,221,39,132,74,178,11,49
71,255,159,222,56,129,191,248,190,248,153,236,252,227,233,66,151,101,127,110,195,65,138,255,236,190,47,188,28,179,1,49
177,73,83,76,87,223,230,101,125,64,114,78,48,144,180,180,120,168,2,236,225,186,52,223,54,12,0,0,107,154,114,188
158,91,230,138,239,85,188,216,143,216,157,246,140,221,255,175,238,217,151,243,195,99,58,224,179,81,207,174,31,127,61,247
5,205,197,247,228,138,110,168,254,147,107,128,253,227,217,107,115,102,58,222,114,216,95,123,108,174,215,68,180,243,193,160
174,158,134,223,141,251,244,250,159,254,212,50,238,229,47,239,201,246,238,34,125,239,123,253,159,115,215,87,210,125,252,215
71,127,191,222,58,135,191,248,158,232,152,236,252,255,229,98,151,117,127,103,195,67,171,255,60,62,47,190,28,187,33,241
158,119,100,242,175,84,252,216,159,218,149,247,141,223,255,239,239,209,159,227,239,71,154,224,179,209,239,175,63,125,189,215
184,153,52,172,75,87,84,111,135,126,164,11,46,191,34,147,200,159,251,32,76,43,114,153,243,217,81,63,115,124,142,218
51,143,106,14,126,179,202,232,95,12,253,239,99,232,182,0,126,234,6,111,252,187,76,255,58,15,161,249,117,238,122,197
168,232,186,90,205,221,212,71,211,159,180,25,42,217,102,159,201,186,195,16,106,111,210,179,83,219,84,59,83,24,254,138
174,250,250,219,237,157,249,220,223,127,117,189,188,222,254,56,239,57,215,19,230,119,122,243,86,223,31,239,223,157,207,215
210,170,190,188,42,193,152,104,174,180,132,171,245,206,99,19,238,181,111,192,70,67,170,93,219,225,235,187,16,32,47,219
43,240,32,11,117,189,210,200,95,45,117,15,138,200,62,132,217,8,130,29,134,190,92,215,6,93,16,127,223,15,90,198
47,84,180,251,61,253,249,222,223,95,221,55,190,220,63,233,207,27,191,21,166,229,123,245,79,219,186,243,151,93,117,247
94,166,238,119,166,50,249,187,115,183,246,178,89,123,212,111,39,215,125,153,176,217,175,202,78,235,255,133,231,224,229,34
173,203,64,69,102,27,238,185,77,38,114,234,231,72,156,165,54,64,6,110,228,180,77,189,38,40,97,148,119,186,217,133
207,182,253,147,170,248,57,159,190,255,151,253,157,246,202,127,167,23,255,157,179,77,239,243,220,243,127,250,142,196,143,117
219,134,238,215,162,50,249,27,191,247,215,178,217,111,222,111,39,215,127,156,176,220,175,194,95,123,255,197,167,228,165,101
9,94,119,65,54,187,187,54,77,168,122,228,189,26,165,164,22,57,6,57,161,188,101,222,44,158,35,130,110,208,1,173
186,81,114,154,95,241,154,72,23,69,197,151,40,222,46,228,222,187,147,193,79,139,118,245,19,85,138,59,55,15,44,214
188,6,206,255,212,38,108,250,85,130,243,215,75,105,61,203,121,231,39,175,172,244,93,206,118,239,215,133,175,248,120,16
74,184,176,150,171,116,189,167,171,255,28,53,172,254,78,198,167,119,253,1,214,77,186,227,143,247,95,187,130,116,141,95
255,248,36,176,173,221,152,239,143,253,148,191,142,204,118,143,143,129,255,21,223,111,126,245,154,89,223,255,223,12,155,87
43,24,48,90,109,253,176,74,207,122,177,12,170,216,247,172,137,34,234,1,151,47,126,211,30,94,81,59,91,13,73,221
9,124,123,83,118,255,249,22,127,237,126,44,188,159,197,52,167,58,23,24,131,248,112,255,111,223,54,194,207,136,71,251
37,226,69,153,72,139,33,136,6,176,32,236,247,64,200,11,90,8,106,94,67,116,207,21,140,128,97,116,120,139,0,128
36,225,152,187,212,137,228,205,86,49,97,26,22,195,104,24,121,202,2,16,18,122,74,117,60,134,151,109,241,26,250,130
34,153,43,254,61,199,203,115,150,72,221,2,240,253,48,96,200,58,19,137,27,138,122,189,225,61,170,154,20,10,116,251
2,9,18,173,85,135,162,99,14,1,90,2,172,162,32,192,248,42,2,129,22,186,16,223,165,180,138,11,20,8,57,138
16,77,27,236,20,195,239,118,196,0,222,66,51,211,33,64,120,170,31,200,73,187,16,189,241,229,170,128,53,155,112,168
32,73,26,168,84,131,186,71,28,0,216,2,164,218,33,64,248,59,130,209,66,187,0,255,32,165,138,11,21,26,121,138
21,77,79,236,20,134,111,114,228,136,250,66,115,195,161,96,120,228,14,234,201,145,37,44,240,173,162,0,57,187,96,32
24,217,10,168,21,135,86,244,135,0,216,3,63,159,32,192,200,185,159,197,74,171,18,189,241,197,174,8,52,26,48,202
25,77,75,229,22,130,111,114,52,128,90,70,21,163,177,96,126,235,22,204,201,152,4,110,240,172,174,128,45,240,33,168
57,205,91,232,214,129,79,119,68,0,124,66,51,131,176,96,126,186,6,200,203,186,36,191,240,141,166,72,117,138,240,169
96,172,180,88,77,253,209,239,203,23,188,24,170,188,86,39,201,146,226,1,30,107,242,177,15,88,80,123,211,76,214,238
36,227,158,138,220,137,162,204,206,57,169,75,64,193,108,6,216,72,66,82,82,107,10,112,28,148,7,127,209,10,230,130
2,140,144,155,93,229,178,206,30,5,72,1,172,214,32,64,217,59,131,16,2,26,82,241,173,20,154,107,144,78,37,202
2,138,170,153,223,177,176,71,30,21,92,179,172,168,54,196,203,43,131,149,22,184,70,213,14,22,154,235,215,12,189,206
122,73,146,188,93,209,150,231,139,4,236,11,46,235,39,196,200,171,163,1,78,43,194,249,243,245,158,59,19,92,174,138
81,1,199,125,4,10,100,49,116,128,98,192,243,99,184,67,114,100,40,172,72,240,7,12,132,174,227,0,105,160,96,32
177,75,103,236,22,2,111,120,68,64,210,230,113,199,177,97,126,228,22,238,233,179,37,205,48,168,162,128,61,186,112,104
34,168,144,153,77,253,178,202,30,15,88,11,172,248,103,136,217,59,131,17,6,58,82,243,5,20,26,43,208,77,29,142
2,153,187,186,27,197,176,71,142,85,72,3,172,222,38,64,197,59,187,145,23,9,50,245,143,55,154,75,144,12,165,218
0,185,58,248,113,197,57,87,175,13,124,1,188,159,32,80,230,59,151,144,130,187,18,253,255,245,58,202,16,0,39,251
40,185,123,232,116,205,243,119,109,9,124,96,63,159,164,48,238,187,23,88,195,186,32,221,247,253,34,200,67,136,103,169
231,162,48,128,237,189,210,203,207,253,185,93,142,216,94,158,137,128,223,55,150,103,202,210,159,88,1,127,210,13,219,199
177,75,107,236,54,3,207,120,68,64,246,230,115,65,176,96,126,172,22,238,233,179,101,157,112,168,163,128,61,186,112,184
59,61,107,69,87,215,235,103,229,192,254,2,57,157,55,32,122,185,19,237,233,187,52,204,123,77,134,0,109,136,118,250
72,252,185,120,233,217,21,175,175,127,44,40,190,191,66,48,135,59,238,0,86,10,242,113,239,215,52,123,208,80,135,251
208,34,106,169,34,99,185,70,60,39,215,187,149,143,34,72,238,157,111,129,12,159,225,2,212,161,186,169,37,1,39,211
3,150,157,185,185,173,184,55,190,91,66,84,252,190,0,232,133,3,123,21,183,216,83,215,141,191,94,66,152,64,129,27
181,217,47,232,149,199,239,240,196,204,246,6,83,221,49,33,120,232,18,238,249,187,56,188,251,201,135,68,121,59,240,242
221,82,239,239,6,70,111,152,96,202,247,198,113,71,153,123,126,196,60,238,233,148,237,104,212,235,227,128,45,243,96,113
125,35,65,97,20,31,66,24,109,232,255,76,219,9,24,180,216,140,76,110,137,178,81,140,211,253,33,20,107,171,90,32
237,233,156,187,173,205,86,189,178,251,164,25,255,123,75,27,201,194,125,87,127,110,219,51,239,219,245,125,144,114,218,10
185,252,59,124,149,255,87,247,123,107,246,28,190,253,18,53,149,254,117,12,191,254,240,191,243,255,21,114,74,92,198,127
80,50,170,173,42,3,57,75,38,166,214,163,181,143,66,72,246,189,109,129,8,159,195,26,209,167,187,185,36,0,45,211
69,229,215,239,188,11,110,168,238,176,11,128,221,227,249,98,19,109,122,126,66,65,143,255,236,190,47,60,20,179,33,32
142,120,252,214,239,117,188,255,159,254,148,183,140,254,255,175,239,219,191,163,229,71,250,224,151,91,223,191,31,125,189,215
58,142,96,47,60,163,203,232,86,12,217,175,107,108,182,0,94,235,135,167,142,171,77,191,250,71,171,217,117,143,124,205
207,166,236,211,170,184,57,158,191,119,23,176,221,239,222,127,39,95,255,156,182,77,239,243,206,127,255,237,166,197,135,101
35,173,42,26,85,189,226,103,95,65,104,77,32,136,54,128,220,42,130,5,151,186,86,189,46,29,144,105,89,12,90,158
181,4,199,191,212,110,238,234,53,242,251,87,83,104,61,219,121,198,38,167,61,247,93,206,148,238,215,4,229,249,240,132
251,248,108,176,237,221,217,223,155,255,148,191,47,157,86,137,175,129,223,149,254,111,254,244,219,89,157,255,63,140,158,95
80,134,190,165,58,66,27,59,38,164,142,161,215,231,3,80,247,181,109,177,8,137,129,30,217,167,47,149,160,34,37,75
123,252,48,18,105,253,144,198,235,127,180,29,42,156,86,191,141,161,222,23,239,103,246,243,19,95,83,59,67,93,79,95
25,159,30,251,181,158,100,183,61,13,78,84,191,51,40,192,193,2,12,28,59,137,17,183,235,255,54,64,130,136,153,43
253,117,41,38,27,86,23,184,0,232,143,14,123,116,11,246,84,212,252,226,237,7,253,46,251,231,173,158,35,119,52,118
137,75,208,77,100,26,236,49,73,42,114,228,207,8,149,231,54,37,6,110,197,180,69,201,38,56,97,132,94,184,201,133
188,68,122,97,212,122,103,83,117,38,255,18,83,21,187,57,120,156,6,170,184,182,101,14,99,233,160,5,103,249,246,224
155,80,83,229,99,78,61,119,45,98,98,244,28,23,32,245,38,61,147,40,97,148,48,72,37,169,74,130,42,48,131,187
137,112,24,69,98,63,104,28,125,234,118,76,220,18,145,180,182,13,86,108,133,180,49,95,71,157,33,4,74,176,75,141
232,191,18,248,189,141,84,255,191,29,184,89,174,235,64,16,137,186,108,0,122,107,210,183,251,223,20,123,210,72,198,10
208,105,172,173,12,79,87,188,6,174,134,9,247,109,3,67,208,245,125,103,108,79,219,61,241,227,237,57,32,56,20,90
250,241,22,188,41,221,84,236,171,184,164,8,238,247,41,215,132,241,253,98,73,67,218,153,179,241,77,59,18,54,15,27
18,218,238,180,54,130,185,102,140,141,214,167,173,143,34,64,238,165,191,197,72,157,1,204,208,231,250,129,37,12,53,91
232,170,152,115,168,173,80,155,187,63,180,29,191,35,66,26,133,26,109,24,58,108,218,51,207,219,113,121,192,200,206,11
53,112,154,56,104,253,82,200,250,175,229,9,135,218,79,24,153,233,78,18,14,103,250,50,211,223,53,63,216,123,15,199
93,216,215,68,51,74,118,161,233,192,230,32,94,183,165,246,98,244,44,104,65,185,176,232,187,254,71,6,42,176,101,34
220,34,220,225,160,46,121,25,32,182,55,29,215,7,74,27,55,132,109,62,24,244,249,0,207,235,101,84,224,234,198,96
252,42,206,229,32,46,107,16,32,166,231,9,215,39,3,91,120,228,109,110,8,243,217,8,211,225,97,4,96,243,102,66
45,185,160,67,213,31,226,152,107,240,46,76,210,120,93,164,153,76,82,127,205,240,217,32,47,221,5,116,202,43,90,132
199,190,140,179,186,45,60,143,59,51,18,253,172,42,90,27,167,79,125,21,182,92,223,115,172,18,127,246,140,68,139,25
53,133,88,171,244,175,115,121,70,45,253,15,87,121,58,64,249,138,6,48,30,186,89,23,255,205,35,117,241,11,240,194
80,72,126,229,36,14,111,182,36,142,246,5,183,35,51,80,106,229,45,238,72,180,17,46,243,239,226,0,32,177,100,74
92,79,23,252,170,194,95,163,165,14,238,160,125,247,161,117,102,247,237,226,104,137,35,108,241,230,110,137,50,241,36,43
60,120,250,100,100,92,254,216,115,170,116,10,27,223,85,58,187,220,215,218,137,118,184,226,87,221,245,173,103,251,126,163
39,52,232,65,244,127,251,216,75,233,125,14,153,92,223,40,31,89,23,63,131,176,252,210,79,93,169,228,221,255,83,245
199,188,197,17,162,58,188,135,122,243,18,244,156,46,212,234,167,71,125,149,183,92,181,226,14,62,223,198,140,244,137,93
77,253,61,188,184,87,95,189,18,234,92,108,254,247,139,113,151,110,52,110,233,210,249,63,235,255,109,180,26,245,128,113
144,73,95,236,20,194,111,117,164,0,210,66,115,131,33,65,104,164,14,232,104,137,1,12,241,225,162,0,52,184,116,40
16,73,31,188,20,131,207,119,132,4,218,2,183,203,33,64,104,170,14,192,74,171,0,189,241,229,170,0,53,138,52,168
16,73,26,184,20,135,154,103,148,0,216,3,181,202,32,64,232,43,2,128,106,187,16,221,225,229,170,1,21,8,177,138
255,245,59,78,249,116,95,248,225,238,189,8,91,255,255,54,151,196,93,110,237,3,168,191,123,253,37,190,2,247,102,119
2,1,18,137,85,135,184,99,28,1,88,3,172,138,32,64,248,43,19,145,22,186,16,223,133,52,154,67,20,8,57,138
0,137,18,137,53,134,168,103,12,9,90,2,172,130,32,68,232,43,130,128,82,152,0,221,37,180,154,67,16,8,181,138
81,73,95,228,22,194,111,117,164,128,222,66,87,3,177,97,98,164,29,234,73,153,49,12,241,233,170,128,45,178,32,40
56,217,74,234,84,197,207,117,5,0,220,2,51,159,48,64,120,186,23,201,74,171,16,189,243,205,162,8,55,138,240,168
33,141,91,203,84,131,227,119,84,65,124,70,48,65,176,100,90,170,2,168,211,186,36,255,108,12,162,64,125,138,240,168
72,72,251,239,36,6,111,20,36,142,126,4,247,55,49,82,102,229,61,206,200,144,49,104,229,237,178,128,36,243,101,107
92,27,202,165,226,2,127,19,48,166,78,229,13,163,131,90,118,237,173,230,64,152,129,72,214,231,238,133,172,240,43,27
34,241,144,139,93,197,178,207,14,13,120,11,172,222,104,128,216,27,131,17,2,58,90,241,45,20,26,107,16,26,165,154
2,170,170,155,95,209,177,67,142,85,92,179,172,140,118,64,203,59,131,145,22,43,34,241,13,20,154,235,148,12,189,206
106,155,58,252,93,213,145,103,139,13,252,41,46,191,34,144,200,187,135,1,90,43,226,189,243,245,18,59,82,12,174,219
177,74,71,204,22,2,79,112,68,192,210,230,113,67,177,97,126,164,22,238,201,183,37,204,48,170,162,128,61,186,112,56
2,153,187,184,95,197,176,71,142,69,72,3,188,222,98,64,202,59,187,145,23,11,50,241,221,85,154,107,144,12,165,218
0,187,26,250,113,133,57,87,175,73,124,68,188,159,32,80,228,59,23,144,147,170,18,245,245,245,26,106,24,0,163,187
32,187,59,248,116,141,249,119,237,9,116,100,191,155,160,112,238,59,6,72,195,186,32,253,231,253,50,200,80,136,99,169
177,11,123,237,116,139,233,119,109,8,114,98,183,153,176,96,238,184,22,72,201,184,32,157,230,233,34,128,101,136,112,169
177,75,107,237,20,3,75,112,68,96,246,198,115,1,177,97,120,164,22,238,233,183,117,141,240,169,162,128,125,168,112,40
184,29,63,252,21,199,241,103,196,204,246,2,51,157,54,33,232,184,23,201,105,187,48,205,115,201,162,1,81,8,116,250
65,153,155,191,57,141,56,23,174,73,74,68,188,183,96,80,196,59,59,21,147,24,146,245,205,253,26,74,152,0,169,27
185,89,63,252,21,199,215,247,196,204,244,6,50,157,49,33,200,248,22,72,105,171,48,188,251,201,38,8,89,56,116,251
52,149,125,235,180,239,115,248,70,44,255,3,215,89,58,64,120,138,15,122,58,178,89,29,253,141,35,84,241,139,244,226
213,90,207,237,34,2,111,184,32,202,82,230,89,103,177,115,118,229,61,238,201,148,165,76,244,168,235,132,45,179,32,49
221,82,239,237,4,102,111,216,96,226,246,70,81,71,25,123,124,196,60,238,233,181,181,200,211,235,227,4,45,243,112,112
125,115,88,97,52,31,66,25,109,168,191,76,211,25,29,176,220,132,76,110,137,178,81,12,227,253,33,148,104,171,90,1
93,97,18,239,56,15,78,248,108,168,203,104,223,83,153,240,246,205,124,110,201,147,201,28,240,253,39,148,8,179,35,33
176,193,61,239,20,79,69,61,36,12,247,1,247,83,10,81,120,128,15,46,72,180,89,29,229,235,224,16,112,138,212,106
76,239,209,238,60,139,78,188,238,168,154,72,255,227,209,224,19,101,108,234,66,65,207,253,168,255,175,188,20,179,65,32
95,182,248,211,186,184,123,152,63,51,151,249,221,239,220,124,183,223,127,159,150,65,239,243,222,223,63,252,134,199,135,117
45,121,186,33,213,31,226,240,105,224,110,12,82,216,87,182,184,108,80,127,205,241,144,8,159,221,5,118,74,63,90,134
253,223,174,6,180,86,215,249,80,238,158,111,82,108,155,166,89,196,196,111,253,227,237,14,122,103,229,149,239,254,94,85
213,132,199,191,198,110,234,168,119,243,243,83,83,235,60,202,121,199,63,159,61,245,159,226,156,238,223,68,165,251,240,0
125,57,211,68,99,90,114,226,233,192,106,40,30,176,133,182,178,252,100,96,69,243,180,72,27,252,5,7,107,33,107,167
102,190,56,160,237,189,210,202,203,183,161,29,142,152,87,24,137,129,219,55,190,99,216,146,159,221,1,127,208,77,95,198
246,112,249,98,219,69,147,200,138,245,161,155,80,220,95,59,191,209,211,243,142,103,254,112,89,9,141,127,245,27,54,210
86,147,106,168,242,136,57,83,173,13,94,181,12,207,162,88,166,57,159,21,144,137,0,192,218,49,42,207,166,164,165,115
25,28,91,69,115,127,56,86,125,224,126,32,60,27,133,188,34,125,22,248,133,152,48,74,87,237,50,2,234,209,11,191
248,149,126,236,253,94,86,125,129,8,190,9,123,127,40,211,220,215,253,98,120,35,82,173,243,249,100,27,115,170,238,27
232,182,156,120,253,173,80,31,187,63,164,29,191,253,64,153,141,58,204,24,58,110,210,23,207,223,21,120,210,200,198,11
240,241,28,254,233,221,84,125,171,156,165,9,119,255,10,83,140,181,237,98,108,67,218,29,243,241,101,63,80,58,206,27
232,184,152,115,172,173,81,27,59,63,53,29,191,19,64,27,133,26,109,28,50,108,219,49,207,219,113,120,194,136,198,59
52,124,186,40,56,239,83,218,126,237,248,13,151,223,67,24,153,233,70,51,14,167,248,58,217,197,37,61,240,123,6,211
82,27,211,196,114,34,59,114,41,172,126,162,45,167,161,86,102,245,173,192,0,217,161,236,214,164,34,130,38,161,37,107
124,96,222,225,160,14,121,25,32,174,167,25,215,7,74,27,48,132,109,62,24,212,217,0,223,233,101,84,224,162,198,98
52,207,93,227,228,232,111,164,169,22,187,137,215,75,29,27,170,195,79,98,88,32,73,100,244,152,102,80,228,211,199,2
88,38,234,165,50,163,91,19,39,165,207,167,87,39,2,80,118,189,111,165,8,152,193,14,208,165,187,129,164,130,36,123
126,176,240,98,189,89,208,73,75,121,181,56,74,220,94,172,153,152,213,51,31,99,248,145,155,217,65,119,215,14,222,70
34,201,18,158,85,133,176,100,142,12,240,3,160,154,38,64,232,56,131,193,70,171,18,253,49,48,138,11,21,14,117,142
146,201,86,158,18,192,58,102,172,4,82,163,45,135,32,65,98,187,139,195,96,137,4,253,176,32,138,11,53,2,37,138
56,133,75,234,84,199,195,125,4,5,125,10,51,81,176,32,88,170,23,104,90,186,112,159,127,205,160,104,119,138,240,232
43,178,0,155,117,145,168,202,95,89,112,246,168,136,252,164,255,11,130,21,151,184,14,247,14,92,154,235,223,12,249,149
166,177,112,202,127,201,178,200,27,37,49,43,12,220,108,144,250,25,131,81,18,62,218,211,31,20,11,111,85,14,215,211
2,176,59,184,91,197,48,70,143,81,72,27,188,159,96,96,200,27,147,145,19,11,18,209,221,213,26,123,24,8,37,250
129,154,59,248,52,141,249,119,236,8,116,68,191,155,32,96,236,59,22,8,195,174,50,125,193,249,50,72,88,136,99,187
125,115,28,100,60,15,86,28,105,168,179,76,215,25,8,114,128,196,76,110,205,161,81,12,243,253,33,20,72,59,202,3
221,111,90,238,56,11,78,248,117,160,247,88,215,67,153,80,90,205,108,110,105,151,205,62,242,237,37,180,44,179,42,1
76,251,65,239,60,11,70,184,110,224,154,236,255,99,209,208,82,236,108,234,203,96,207,61,172,245,167,60,60,179,65,24
81,165,197,167,158,79,111,189,54,241,187,198,241,102,200,66,121,206,106,254,89,248,253,232,188,166,231,36,169,242,224,248
244,236,148,158,157,160,70,168,211,146,169,26,98,225,105,215,89,226,32,98,46,103,202,47,185,134,69,61,241,123,104,2
70,171,248,235,186,9,254,152,47,33,187,205,221,239,220,112,55,223,127,255,146,16,221,245,254,252,47,236,140,147,131,21
244,236,247,94,143,43,70,232,214,178,233,154,115,233,57,67,17,126,104,42,104,231,223,63,113,142,69,61,113,123,212,34
117,196,207,189,204,106,227,206,119,243,242,50,83,248,185,122,121,198,110,251,61,247,239,226,156,166,231,68,165,121,244,228
165,74,151,189,172,171,197,206,215,182,242,16,227,224,37,111,201,246,110,64,104,255,99,190,165,242,87,18,209,249,244,172
212,233,189,183,168,14,71,189,50,191,130,88,215,51,73,74,149,87,125,91,88,76,219,34,237,166,127,84,128,112,131,43
120,240,156,230,8,79,85,189,34,186,135,8,247,119,72,83,16,212,109,106,72,71,219,25,241,227,101,60,34,178,6,58
232,168,253,123,61,189,81,31,123,55,36,24,191,57,64,153,137,58,238,28,58,110,251,19,207,219,80,121,210,136,198,170
52,124,187,171,56,239,83,220,38,236,248,13,151,151,65,16,156,249,79,114,10,178,88,58,241,133,37,60,224,115,6,251
108,96,190,97,161,78,97,17,161,189,167,24,215,19,72,26,49,132,109,58,24,245,177,0,207,217,101,68,194,162,198,98
120,80,121,239,36,78,103,60,36,12,238,0,247,55,9,82,80,196,45,106,72,176,113,41,229,237,34,0,32,242,100,106
21,124,249,225,52,239,235,208,84,172,127,2,211,89,145,40,123,248,23,123,169,180,121,238,109,143,167,132,229,251,84,227
13,82,156,186,170,24,55,216,174,30,117,160,221,211,235,91,183,73,166,102,198,68,170,113,198,211,111,173,180,243,43,195
210,137,17,222,11,208,20,47,171,22,128,176,172,182,36,247,226,179,237,128,84,79,194,241,147,50,90,187,18,36,173,15
62,184,248,242,175,255,210,128,203,245,53,59,14,216,70,40,139,249,213,83,158,114,120,176,219,217,1,119,255,47,95,71
171,72,39,92,13,215,205,102,205,198,146,2,232,252,53,167,200,32,123,239,233,167,119,221,33,26,219,26,87,60,116,110
101,57,113,66,244,45,235,89,107,232,57,104,26,221,221,48,190,219,85,122,155,50,236,96,29,28,33,236,197,163,66,161
182,249,114,202,87,207,178,224,91,180,97,11,12,220,124,1,252,185,147,115,98,179,24,252,63,24,11,111,81,15,87,146
162,184,59,248,95,229,145,71,143,81,100,27,28,159,96,48,233,187,19,145,19,47,18,243,219,217,26,107,25,8,167,242
125,89,25,228,180,15,87,188,105,232,178,76,215,25,9,112,144,197,92,110,201,165,89,44,243,249,37,20,104,187,194,3
245,118,89,237,48,43,78,56,116,226,247,252,215,67,153,81,83,236,76,174,237,182,77,14,230,239,33,20,108,241,106,17
213,109,73,175,60,11,78,184,126,224,163,220,243,67,153,112,82,236,108,110,237,52,205,63,164,237,167,52,60,179,66,56
116,109,148,30,159,34,70,232,210,146,169,10,98,224,41,155,89,230,104,98,108,103,138,63,57,166,69,63,241,123,200,6
87,233,193,225,180,74,239,136,111,224,250,202,223,107,213,80,123,205,127,255,131,144,205,252,188,252,175,228,165,179,99,32
196,236,148,82,137,237,20,174,250,55,128,24,230,241,72,155,129,82,232,18,114,111,218,55,169,146,85,127,208,80,143,10
117,77,135,189,140,234,231,134,247,130,234,0,211,184,117,106,201,238,106,217,75,235,211,224,189,190,143,28,129,249,244,40
104,168,189,113,45,237,81,3,123,63,165,24,187,29,84,27,137,146,108,24,26,124,243,17,207,219,81,113,210,8,206,34
236,104,251,100,36,78,99,16,225,132,167,24,147,87,65,59,8,244,108,122,73,230,240,40,195,249,97,16,66,163,70,34
114,149,60,174,11,112,16,41,171,89,185,57,110,126,46,83,226,147,237,161,30,11,218,213,147,241,114,251,56,2,175,87
84,168,26,178,255,233,178,192,174,185,177,59,158,152,96,8,163,49,207,83,22,105,8,240,221,197,11,127,208,11,7,131
246,56,122,240,239,201,146,64,203,240,177,59,94,220,110,9,187,49,223,115,22,103,10,208,219,217,1,127,197,41,79,3
33,104,234,78,68,26,238,220,83,194,116,10,49,201,213,56,120,236,19,206,196,246,190,104,118,15,245,40,101,187,250,140
253,91,25,100,176,15,70,188,97,232,178,76,215,17,1,49,144,196,76,110,201,39,209,44,243,249,37,28,104,177,194,49
93,23,25,101,176,46,78,59,100,232,251,108,215,51,129,112,148,206,76,110,217,176,65,12,224,253,37,148,232,242,194,49
21,105,25,225,84,207,106,228,101,160,250,74,159,11,17,208,250,237,95,237,73,186,209,220,253,205,139,100,37,179,99,40
96,169,139,252,141,205,69,231,231,161,170,8,179,185,116,242,200,238,106,16,74,107,210,161,185,253,150,57,208,24,246,42
